<?xml version="1.0" encoding="UTF-8"?>
<office:document-content xmlns:office="urn:oasis:names:tc:opendocument:xmlns:office:1.0" xmlns:style="urn:oasis:names:tc:opendocument:xmlns:style:1.0" xmlns:text="urn:oasis:names:tc:opendocument:xmlns:text:1.0" xmlns:table="urn:oasis:names:tc:opendocument:xmlns:table:1.0" xmlns:draw="urn:oasis:names:tc:opendocument:xmlns:drawing:1.0" xmlns:fo="urn:oasis:names:tc:opendocument:xmlns:xsl-fo-compatible:1.0" xmlns:xlink="http://www.w3.org/1999/xlink" xmlns:dc="http://purl.org/dc/elements/1.1/" xmlns:meta="urn:oasis:names:tc:opendocument:xmlns:meta:1.0" xmlns:number="urn:oasis:names:tc:opendocument:xmlns:datastyle:1.0" xmlns:svg="urn:oasis:names:tc:opendocument:xmlns:svg-compatible:1.0" xmlns:chart="urn:oasis:names:tc:opendocument:xmlns:chart:1.0" xmlns:dr3d="urn:oasis:names:tc:opendocument:xmlns:dr3d:1.0" xmlns:math="http://www.w3.org/1998/Math/MathML" xmlns:form="urn:oasis:names:tc:opendocument:xmlns:form:1.0" xmlns:script="urn:oasis:names:tc:opendocument:xmlns:script:1.0" xmlns:ooo="http://openoffice.org/2004/office" xmlns:ooow="http://openoffice.org/2004/writer" xmlns:oooc="http://openoffice.org/2004/calc" xmlns:dom="http://www.w3.org/2001/xml-events" xmlns:xforms="http://www.w3.org/2002/xforms" xmlns:xsd="http://www.w3.org/2001/XMLSchema" xmlns:xsi="http://www.w3.org/2001/XMLSchema-instance" xmlns:rpt="http://openoffice.org/2005/report" xmlns:of="urn:oasis:names:tc:opendocument:xmlns:of:1.2" xmlns:xhtml="http://www.w3.org/1999/xhtml" xmlns:grddl="http://www.w3.org/2003/g/data-view#" xmlns:officeooo="http://openoffice.org/2009/office" xmlns:tableooo="http://openoffice.org/2009/table" xmlns:drawooo="http://openoffice.org/2010/draw" xmlns:calcext="urn:org:documentfoundation:names:experimental:calc:xmlns:calcext:1.0" xmlns:loext="urn:org:documentfoundation:names:experimental:office:xmlns:loext:1.0" xmlns:field="urn:openoffice:names:experimental:ooo-ms-interop:xmlns:field:1.0" xmlns:formx="urn:openoffice:names:experimental:ooxml-odf-interop:xmlns:form:1.0" xmlns:css3t="http://www.w3.org/TR/css3-text/" office:version="1.2"><office:scripts/><office:font-face-decls><style:font-face style:name="OpenSymbol" svg:font-family="OpenSymbol" style:font-charset="x-symbol"/><style:font-face style:name="StarSymbol" svg:font-family="StarSymbol"/><style:font-face style:name="Tahoma1" svg:font-family="Tahoma"/><style:font-face style:name="Courier New" svg:font-family="&apos;Courier New&apos;" style:font-family-generic="modern" style:font-pitch="fixed"/><style:font-face style:name="Times New Roman" svg:font-family="&apos;Times New Roman&apos;" style:font-family-generic="roman" style:font-pitch="variable"/><style:font-face style:name="Arial" svg:font-family="Arial" style:font-family-generic="swiss" style:font-pitch="variable"/><style:font-face style:name="Lucida Sans Unicode" svg:font-family="&apos;Lucida Sans Unicode&apos;" style:font-family-generic="system" style:font-pitch="variable"/><style:font-face style:name="Tahoma" svg:font-family="Tahoma" style:font-family-generic="system" style:font-pitch="variable"/></office:font-face-decls><office:automatic-styles><style:style style:name="P1" style:family="paragraph" style:parent-style-name="Footer"><style:paragraph-properties fo:text-align="center" style:justify-single-word="false"/></style:style><style:style style:name="P2" style:family="paragraph" style:parent-style-name="Text_20_body" style:list-style-name="L1"><style:paragraph-properties fo:margin-top="0in" fo:margin-bottom="0in" style:contextual-spacing="false"/></style:style><style:style style:name="P3" style:family="paragraph" style:parent-style-name="Text_20_body" style:list-style-name="L2"><style:paragraph-properties fo:margin-top="0in" fo:margin-bottom="0in" style:contextual-spacing="false"/></style:style><style:style style:name="P4" style:family="paragraph" style:parent-style-name="Text_20_body" style:list-style-name="L3"><style:paragraph-properties fo:margin-top="0in" fo:margin-bottom="0in" style:contextual-spacing="false"/></style:style><style:style style:name="P5" style:family="paragraph" style:parent-style-name="Text_20_body" style:list-style-name="L4"><style:paragraph-properties fo:margin-top="0in" fo:margin-bottom="0in" style:contextual-spacing="false"/></style:style><style:style style:name="P6" style:family="paragraph" style:parent-style-name="Text_20_body" style:list-style-name="L5"><style:paragraph-properties fo:margin-top="0in" fo:margin-bottom="0in" style:contextual-spacing="false"/></style:style><style:style style:name="fr1" style:family="graphic" style:parent-style-name="Graphics"><style:graphic-properties style:horizontal-pos="center" style:horizontal-rel="paragraph" style:mirror="none" fo:clip="rect(0in, 0in, 0in, 0in)" draw:luminance="0%" draw:contrast="0%" draw:red="0%" draw:green="0%" draw:blue="0%" draw:gamma="100%" draw:color-inversion="false" draw:image-opacity="100%" draw:color-mode="standard"/></style:style><text:list-style style:name="L1"><text:list-level-style-bullet text:level="1" text:style-name="Bullet_20_Symbols" style:num-suffix="." text:bullet-char="•"><style:list-level-properties text:space-before="0.25in" text:min-label-width="0.25in"/></text:list-level-style-bullet><text:list-level-style-bullet text:level="2" text:style-name="Bullet_20_Symbols" style:num-suffix="." text:bullet-char="‣"><style:list-level-properties text:space-before="0.5in" text:min-label-width="0.25in"/></text:list-level-style-bullet><text:list-level-style-bullet text:level="3" text:style-name="Bullet_20_Symbols" style:num-suffix="." text:bullet-char="⁃"><style:list-level-properties text:space-before="0.75in" text:min-label-width="0.25in"/></text:list-level-style-bullet><text:list-level-style-bullet text:level="4" text:style-name="Bullet_20_Symbols" style:num-suffix="." text:bullet-char="•"><style:list-level-properties text:space-before="1in" text:min-label-width="0.25in"/></text:list-level-style-bullet><text:list-level-style-bullet text:level="5" text:style-name="Bullet_20_Symbols" style:num-suffix="." text:bullet-char="‣"><style:list-level-properties text:space-before="1.25in" text:min-label-width="0.25in"/></text:list-level-style-bullet><text:list-level-style-bullet text:level="6" text:style-name="Bullet_20_Symbols" style:num-suffix="." text:bullet-char="⁃"><style:list-level-properties text:space-before="1.5in" text:min-label-width="0.25in"/></text:list-level-style-bullet><text:list-level-style-bullet text:level="7" text:style-name="Bullet_20_Symbols" style:num-suffix="." text:bullet-char="•"><style:list-level-properties text:space-before="1.75in" text:min-label-width="0.25in"/></text:list-level-style-bullet><text:list-level-style-bullet text:level="8" text:style-name="Bullet_20_Symbols" style:num-suffix="." text:bullet-char="‣"><style:list-level-properties text:space-before="2in" text:min-label-width="0.25in"/></text:list-level-style-bullet><text:list-level-style-bullet text:level="9" text:style-name="Bullet_20_Symbols" style:num-suffix="." text:bullet-char="⁃"><style:list-level-properties text:space-before="2.25in" text:min-label-width="0.25in"/></text:list-level-style-bullet><text:list-level-style-bullet text:level="10" text:style-name="Bullet_20_Symbols" style:num-suffix="." text:bullet-char="•"><style:list-level-properties text:space-before="2.5in" text:min-label-width="0.25in"/></text:list-level-style-bullet></text:list-style><text:list-style style:name="L2"><text:list-level-style-bullet text:level="1" text:style-name="Bullet_20_Symbols" style:num-suffix="." text:bullet-char="•"><style:list-level-properties text:space-before="0.25in" text:min-label-width="0.25in"/></text:list-level-style-bullet><text:list-level-style-bullet text:level="2" text:style-name="Bullet_20_Symbols" style:num-suffix="." text:bullet-char="‣"><style:list-level-properties text:space-before="0.5in" text:min-label-width="0.25in"/></text:list-level-style-bullet><text:list-level-style-bullet text:level="3" text:style-name="Bullet_20_Symbols" style:num-suffix="." text:bullet-char="⁃"><style:list-level-properties text:space-before="0.75in" text:min-label-width="0.25in"/></text:list-level-style-bullet><text:list-level-style-bullet text:level="4" text:style-name="Bullet_20_Symbols" style:num-suffix="." text:bullet-char="•"><style:list-level-properties text:space-before="1in" text:min-label-width="0.25in"/></text:list-level-style-bullet><text:list-level-style-bullet text:level="5" text:style-name="Bullet_20_Symbols" style:num-suffix="." text:bullet-char="‣"><style:list-level-properties text:space-before="1.25in" text:min-label-width="0.25in"/></text:list-level-style-bullet><text:list-level-style-bullet text:level="6" text:style-name="Bullet_20_Symbols" style:num-suffix="." text:bullet-char="⁃"><style:list-level-properties text:space-before="1.5in" text:min-label-width="0.25in"/></text:list-level-style-bullet><text:list-level-style-bullet text:level="7" text:style-name="Bullet_20_Symbols" style:num-suffix="." text:bullet-char="•"><style:list-level-properties text:space-before="1.75in" text:min-label-width="0.25in"/></text:list-level-style-bullet><text:list-level-style-bullet text:level="8" text:style-name="Bullet_20_Symbols" style:num-suffix="." text:bullet-char="‣"><style:list-level-properties text:space-before="2in" text:min-label-width="0.25in"/></text:list-level-style-bullet><text:list-level-style-bullet text:level="9" text:style-name="Bullet_20_Symbols" style:num-suffix="." text:bullet-char="⁃"><style:list-level-properties text:space-before="2.25in" text:min-label-width="0.25in"/></text:list-level-style-bullet><text:list-level-style-bullet text:level="10" text:style-name="Bullet_20_Symbols" style:num-suffix="." text:bullet-char="•"><style:list-level-properties text:space-before="2.5in" text:min-label-width="0.25in"/></text:list-level-style-bullet></text:list-style><text:list-style style:name="L3"><text:list-level-style-bullet text:level="1" text:style-name="Bullet_20_Symbols" style:num-suffix="." text:bullet-char="•"><style:list-level-properties text:space-before="0.25in" text:min-label-width="0.25in"/></text:list-level-style-bullet><text:list-level-style-bullet text:level="2" text:style-name="Bullet_20_Symbols" style:num-suffix="." text:bullet-char="‣"><style:list-level-properties text:space-before="0.5in" text:min-label-width="0.25in"/></text:list-level-style-bullet><text:list-level-style-bullet text:level="3" text:style-name="Bullet_20_Symbols" style:num-suffix="." text:bullet-char="⁃"><style:list-level-properties text:space-before="0.75in" text:min-label-width="0.25in"/></text:list-level-style-bullet><text:list-level-style-bullet text:level="4" text:style-name="Bullet_20_Symbols" style:num-suffix="." text:bullet-char="•"><style:list-level-properties text:space-before="1in" text:min-label-width="0.25in"/></text:list-level-style-bullet><text:list-level-style-bullet text:level="5" text:style-name="Bullet_20_Symbols" style:num-suffix="." text:bullet-char="‣"><style:list-level-properties text:space-before="1.25in" text:min-label-width="0.25in"/></text:list-level-style-bullet><text:list-level-style-bullet text:level="6" text:style-name="Bullet_20_Symbols" style:num-suffix="." text:bullet-char="⁃"><style:list-level-properties text:space-before="1.5in" text:min-label-width="0.25in"/></text:list-level-style-bullet><text:list-level-style-bullet text:level="7" text:style-name="Bullet_20_Symbols" style:num-suffix="." text:bullet-char="•"><style:list-level-properties text:space-before="1.75in" text:min-label-width="0.25in"/></text:list-level-style-bullet><text:list-level-style-bullet text:level="8" text:style-name="Bullet_20_Symbols" style:num-suffix="." text:bullet-char="‣"><style:list-level-properties text:space-before="2in" text:min-label-width="0.25in"/></text:list-level-style-bullet><text:list-level-style-bullet text:level="9" text:style-name="Bullet_20_Symbols" style:num-suffix="." text:bullet-char="⁃"><style:list-level-properties text:space-before="2.25in" text:min-label-width="0.25in"/></text:list-level-style-bullet><text:list-level-style-bullet text:level="10" text:style-name="Bullet_20_Symbols" style:num-suffix="." text:bullet-char="•"><style:list-level-properties text:space-before="2.5in" text:min-label-width="0.25in"/></text:list-level-style-bullet></text:list-style><text:list-style style:name="L4"><text:list-level-style-bullet text:level="1" text:style-name="Bullet_20_Symbols" style:num-suffix="." text:bullet-char="•"><style:list-level-properties text:space-before="0.25in" text:min-label-width="0.25in"/></text:list-level-style-bullet><text:list-level-style-bullet text:level="2" text:style-name="Bullet_20_Symbols" style:num-suffix="." text:bullet-char="‣"><style:list-level-properties text:space-before="0.5in" text:min-label-width="0.25in"/></text:list-level-style-bullet><text:list-level-style-bullet text:level="3" text:style-name="Bullet_20_Symbols" style:num-suffix="." text:bullet-char="⁃"><style:list-level-properties text:space-before="0.75in" text:min-label-width="0.25in"/></text:list-level-style-bullet><text:list-level-style-bullet text:level="4" text:style-name="Bullet_20_Symbols" style:num-suffix="." text:bullet-char="•"><style:list-level-properties text:space-before="1in" text:min-label-width="0.25in"/></text:list-level-style-bullet><text:list-level-style-bullet text:level="5" text:style-name="Bullet_20_Symbols" style:num-suffix="." text:bullet-char="‣"><style:list-level-properties text:space-before="1.25in" text:min-label-width="0.25in"/></text:list-level-style-bullet><text:list-level-style-bullet text:level="6" text:style-name="Bullet_20_Symbols" style:num-suffix="." text:bullet-char="⁃"><style:list-level-properties text:space-before="1.5in" text:min-label-width="0.25in"/></text:list-level-style-bullet><text:list-level-style-bullet text:level="7" text:style-name="Bullet_20_Symbols" style:num-suffix="." text:bullet-char="•"><style:list-level-properties text:space-before="1.75in" text:min-label-width="0.25in"/></text:list-level-style-bullet><text:list-level-style-bullet text:level="8" text:style-name="Bullet_20_Symbols" style:num-suffix="." text:bullet-char="‣"><style:list-level-properties text:space-before="2in" text:min-label-width="0.25in"/></text:list-level-style-bullet><text:list-level-style-bullet text:level="9" text:style-name="Bullet_20_Symbols" style:num-suffix="." text:bullet-char="⁃"><style:list-level-properties text:space-before="2.25in" text:min-label-width="0.25in"/></text:list-level-style-bullet><text:list-level-style-bullet text:level="10" text:style-name="Bullet_20_Symbols" style:num-suffix="." text:bullet-char="•"><style:list-level-properties text:space-before="2.5in" text:min-label-width="0.25in"/></text:list-level-style-bullet></text:list-style><text:list-style style:name="L5"><text:list-level-style-bullet text:level="1" text:style-name="Bullet_20_Symbols" style:num-suffix="." text:bullet-char="•"><style:list-level-properties text:space-before="0.25in" text:min-label-width="0.25in"/></text:list-level-style-bullet><text:list-level-style-bullet text:level="2" text:style-name="Bullet_20_Symbols" style:num-suffix="." text:bullet-char="‣"><style:list-level-properties text:space-before="0.5in" text:min-label-width="0.25in"/></text:list-level-style-bullet><text:list-level-style-bullet text:level="3" text:style-name="Bullet_20_Symbols" style:num-suffix="." text:bullet-char="⁃"><style:list-level-properties text:space-before="0.75in" text:min-label-width="0.25in"/></text:list-level-style-bullet><text:list-level-style-bullet text:level="4" text:style-name="Bullet_20_Symbols" style:num-suffix="." text:bullet-char="•"><style:list-level-properties text:space-before="1in" text:min-label-width="0.25in"/></text:list-level-style-bullet><text:list-level-style-bullet text:level="5" text:style-name="Bullet_20_Symbols" style:num-suffix="." text:bullet-char="‣"><style:list-level-properties text:space-before="1.25in" text:min-label-width="0.25in"/></text:list-level-style-bullet><text:list-level-style-bullet text:level="6" text:style-name="Bullet_20_Symbols" style:num-suffix="." text:bullet-char="⁃"><style:list-level-properties text:space-before="1.5in" text:min-label-width="0.25in"/></text:list-level-style-bullet><text:list-level-style-bullet text:level="7" text:style-name="Bullet_20_Symbols" style:num-suffix="." text:bullet-char="•"><style:list-level-properties text:space-before="1.75in" text:min-label-width="0.25in"/></text:list-level-style-bullet><text:list-level-style-bullet text:level="8" text:style-name="Bullet_20_Symbols" style:num-suffix="." text:bullet-char="‣"><style:list-level-properties text:space-before="2in" text:min-label-width="0.25in"/></text:list-level-style-bullet><text:list-level-style-bullet text:level="9" text:style-name="Bullet_20_Symbols" style:num-suffix="." text:bullet-char="⁃"><style:list-level-properties text:space-before="2.25in" text:min-label-width="0.25in"/></text:list-level-style-bullet><text:list-level-style-bullet text:level="10" text:style-name="Bullet_20_Symbols" style:num-suffix="." text:bullet-char="•"><style:list-level-properties text:space-before="2.5in" text:min-label-width="0.25in"/></text:list-level-style-bullet></text:list-style></office:automatic-styles><office:body><office:text text:use-soft-page-breaks="true"><text:sequence-decls><text:sequence-decl text:display-outline-level="0" text:name="Illustration"/><text:sequence-decl text:display-outline-level="0" text:name="Table"/><text:sequence-decl text:display-outline-level="0" text:name="Text"/><text:sequence-decl text:display-outline-level="0" text:name="Drawing"/></text:sequence-decls><text:p text:style-name="Title"><draw:frame draw:style-name="fr1" draw:name="graphics1" text:anchor-type="paragraph" svg:width="4.3638in" svg:height="2.9181in" draw:z-index="0"><draw:image xlink:href="../../img/ken-lowen.jpg" xlink:type="simple" xlink:show="embed" xlink:actuate="onLoad" draw:filter-name="&lt;All formats&gt;"/></draw:frame>Ken Loewen CPA, CGMA, CMA, MBA </text:p><text:p text:style-name="Job_20_Title">Director of Professional Services</text:p><text:h text:style-name="Heading_20_2" text:outline-level="2">Professional Summary</text:h><text:p text:style-name="First_20_paragraph">Ken is a 20+ year technology and professional services industry veteran who has led numerous ERP, business intelligence, post-merger integration, and divestiture projects, both as a consultant and as an employee. Ken holds multiple certifications reflecting his expertise in financial and managerial accounting and leads the Professional Services Division at Advisicon Inc., an international consulting, application development, and training services firm that helps organizations through process and methodology changes to get the most out of their project, program and portfolio management objectives that are directly tied to return on investment and corporate strategies.</text:p><text:h text:style-name="Heading_20_2" text:outline-level="2">Accomplishments</text:h><text:list xml:id="list7308620740581311193" text:style-name="L1"><text:list-item><text:p text:style-name="P2">Managed 21 M&amp;A projects of varying complexity through post-merger integration planning and execution equating to $1B total deal valuation at a global devices and services company</text:p></text:list-item><text:list-item><text:p text:style-name="P2">Led finance integration on a $36B telecommunications merger of equals at a global consultancy</text:p></text:list-item><text:list-item><text:p text:style-name="P2">Reduced clients’ merger risk and improved financial integration consistency by leading development of a finance integration playbook for a global consultancy</text:p></text:list-item><text:list-item><text:p text:style-name="P2">Developed and delivered project-level training to all stakeholder levels</text:p></text:list-item><text:list-item><text:p text:style-name="P2">Developed and led delivery of knowledge management strategy for 55,000-practitioner technology consultancy</text:p></text:list-item></text:list><text:h text:style-name="Heading_20_2" text:outline-level="2">Certifications</text:h><text:list xml:id="list6906425899469243186" text:style-name="L2"><text:list-item><text:p text:style-name="P3">Certified Public Accountant (American Institute of CPAs)</text:p></text:list-item><text:list-item><text:p text:style-name="P3">Chartered Global Management Accountant (American Institute of CPAs)</text:p></text:list-item><text:list-item><text:p text:style-name="P3">Certified Management Accountant (Institute of Management Accountants)</text:p></text:list-item></text:list><text:h text:style-name="Heading_20_2" text:outline-level="2"><text:soft-page-break/>Experience</text:h><text:p text:style-name="First_20_paragraph">Project Management and Consulting</text:p><text:list xml:id="list4734500498523318181" text:style-name="L3"><text:list-item><text:p text:style-name="P4">20+ years of project management experience, both as a consultant and client</text:p></text:list-item><text:list-item><text:p text:style-name="P4">Designed, developed, implemented, and optimized PMO processes and tools on enterprise-wide ERP, business intelligence, and post-merger integration projects</text:p></text:list-item><text:list-item><text:p text:style-name="P4">Leadership of mixed client/contractor teams, some involving multiple contractor organizations</text:p></text:list-item><text:list-item><text:p text:style-name="P4">Planned and managed migration of acquired business unit from Dynamics AX to parent company’s global SAP system, prepared business case approved by Corporate VP/CFO, led cross-functional virtual team</text:p></text:list-item><text:list-item><text:p text:style-name="P4">Led finance due diligence and finance integration/separation in 21 acquisitions and divestitures representing $1B in deal value at a Fortune 50 devices and services company</text:p></text:list-item><text:list-item><text:p text:style-name="P4">Led finance integration on $36B telecommunications merger of equals at a global consultancy</text:p></text:list-item><text:list-item><text:p text:style-name="P4">Managed multiple projects implementing SAP, Baan, BusinessObjects, Cognos, Hyperion, Essbase.</text:p></text:list-item><text:list-item><text:p text:style-name="P4">Established budget, reporting, and forecasting methodologies to provide product line and geographic area performance information to executives and line managers.</text:p></text:list-item><text:list-item><text:p text:style-name="P4">Designed a global performance analytics framework for a Fortune 100 consumer packaged goods organization with several unrelated product groups</text:p></text:list-item></text:list><text:p text:style-name="First_20_paragraph">Training</text:p><text:list xml:id="list6717871247385057632" text:style-name="L4"><text:list-item><text:p text:style-name="P5">Developed and delivered client team training on finance and business intelligence implementation projects</text:p></text:list-item><text:list-item><text:p text:style-name="P5">Developed and delivered internal consulting leader training on performance evaluation and counseling</text:p></text:list-item><text:list-item><text:p text:style-name="P5">Part-time professional SCUBA instructor (1990-2006)</text:p></text:list-item></text:list><text:p text:style-name="First_20_paragraph">Knowledge Management</text:p><text:list xml:id="list5663718037012802260" text:style-name="L5"><text:list-item><text:p text:style-name="P6">Restructured content collection metrics to connect KM processes to business priorities</text:p></text:list-item><text:list-item><text:p text:style-name="P6">Improved knowledge repository content quality by replacing legacy quality measures with objective elements linked to business value drivers</text:p></text:list-item><text:list-item><text:p text:style-name="P6">Achieved increased rigor in business-focused goal-setting, prioritization, and analytics by developing a goal-oriented strategic KM plan aligned to business priorities</text:p></text:list-item><text:list-item><text:p text:style-name="P6">Equipped knowledge managers for business-focused discussion of priorities by replacing ad hoc or infrequent tabular reporting with consistent, regularly-scheduled analytic reports containing insights, observations, and business value-oriented recommendations</text:p></text:list-item></text:list></office:text></office:body></office:document-content>