<?xml version="1.0" encoding="UTF-8"?>
<office:document-meta xmlns:office="urn:oasis:names:tc:opendocument:xmlns:office:1.0" xmlns:xlink="http://www.w3.org/1999/xlink" xmlns:dc="http://purl.org/dc/elements/1.1/" xmlns:meta="urn:oasis:names:tc:opendocument:xmlns:meta:1.0" xmlns:ooo="http://openoffice.org/2004/office" xmlns:grddl="http://www.w3.org/2003/g/data-view#" office:version="1.2"><office:meta><dc:title/><dc:date>2014-08-13T12:47:57.200085000</dc:date><meta:editing-duration>P0D</meta:editing-duration><meta:editing-cycles>2</meta:editing-cycles><meta:generator>LibreOffice/4.1.5.3$MacOSX_x86 LibreOffice_project/1c1366bba2ba2b554cd2ca4d87c06da81c05d24</meta:generator><meta:document-statistic meta:table-count="0" meta:image-count="1" meta:object-count="0" meta:page-count="2" meta:paragraph-count="35" meta:word-count="506" meta:character-count="3769" meta:non-whitespace-character-count="3320"/></office:meta></office:document-meta>